name,url,type,positioning,main_offer,cta,page_structure,strong_blocks,weaknesses,ideas_to_adapt,source_notes
Ветров и партнёры,vitvet.com/service/tax_practice/yurist_po_nalogovym_sporam/,direct,Налоговые споры и защита от ФНС под ключ,Анализ акта и возражения со ссылками на практику ВС,Запросить консультацию,Hero → стадии спора → FAQ по срокам НК → доверие,Детальная разбивка стадий (акт/возражения/УФНС/суд); сильный SEO-контент,Индивидуальные цены; акцент на Москву; нет фикс 24ч,Таблицы сроков по статьям НК в каждой услуге,Проверено 2026-09-15
Присяжная и Партнёры,prisyazhnaya-partners.ru/services/nalogovye-spory/,direct,Налоговый юрист/адвокат: от возражений до ВС,Подготовка возражений 5-7 дней; сопровождение спора,Получить консультацию,Hero → этапы → услуги → эксперт → кейсы,Именной эксперт (бух+юрист); пошаговый процесс; E-E-A-T,Высокий порог входа; нет фикс прайса на документ,Блок «как читаем позицию ФНС изнутри» без копирования био,Проверено 2026-09-15
НФТК Стрельников и Партнеры,nftk-partners.ru/services/vzaimodejstvie-s-nalogovymi-organami/podgotovka-vozrazhenij,direct,30+ лет налоговых споров,Подготовка возражений для налоговой,Оставить заявку,Услуга → экспертиза → преимущества → CTA,Долгий опыт; акцент на конфликт с инспекцией,Нет публичных цен; нет 24ч; тяжёлый корпоративный тон,Акцент на «инструменты НК» вместо пугалок,Проверено 2026-09-15
Антонов и партнёры,pravo163.ru/uslugi/biznes-advokat/biznes-advokat-po-nalogovym-sporam/podgotovka-vozrazhenij-na-akt-nalogovoj-proverki/,direct,Адвокатское бюро: возражения на акт,Базовый и расширенный пакет возражений,Заказать услугу,Hero → проблема → пакеты → процесс → FAQ,Пакетная линейка; тактика досудебного урегулирования,Цены не на первом экране; фокус Самара/регион,Пакеты «базовый/расширенный» для документов Legis24,Проверено 2026-09-15
Аудиторская фирма Решение,audit-reshenie.ru/services/yuridicheskoe-soprovozhdenie-biznesa/podgotovka-vozrazheniy-zhalob-iskovykh-zayavleniy/,direct,Аудит + юрсопровождение налоговых споров,Возражения жалобы иски со ссылками на НК и практику,Связаться с нами,Услуга → что входит → сроки → доказательства,Сильная аргументация через практику; расчёт обязательств,Аудиторский стиль; нет скорости 24ч,Блок «процессуальные нарушения инспекции» в статьях,Проверено 2026-09-15
Tax Compliance,taxcom.ru/services/nalogovye-spory/,direct,Крупная фирма налоговых споров,Комплексное ведение спора с ФНС,Запросить предложение,Корпоративный лендинг → направления → команда → кейсы,Масштаб; мультидисциплинарность; бренд,Дорого; не для МСБ срочного документа,Структура «направления споров» для навигации блога,Публичная страница услуг; проверено 2026-09-15
ФБК Legal,fbk.ru/practices/tax-disputes/,direct,Top-tier tax litigation,Сопровождение налоговых споров и судов,Связаться,Практика → команда → публикации,Сильнейшая репутация; публикации и аналитика,Недоступны МСБ; нет фикс цен на документ,Формат экспертных обзоров практики ВС в блоге,Публичная страница практики; проверено 2026-09-15
Пепеляев Групп,pgplaw.ru/practices/tax-disputes/,direct,Крупная юрфирма: налоговые споры,Представительство в спорах с ФНС,Обратиться,Практика → услуги → эксперты,Международный уровень; комплексный спор,Не конкурирует в нише «документ за 24ч»,Качество структуры H2 в экспертных материалах,Публичная страница; проверено 2026-09-15
Контур Экстерн (инфо),kontur-extern.ru/info/46321-droblenie_biznesa,adjacent,EdTech/бух сервис + экспертный контент,Информация о дроблении и защите,Подключить сервис,Лонгрид → таблицы → CTA на продукт,Сильный SEO; актуальные письма ФНС,Продаёт софт а не юрдокумент,Таблицы сроков и последствий в статьях Legis24,Контент-аналог; проверено 2026-09-15
Клерк (медиа),klerk.ru,adjacent,Бизнес-медиа для бухгалтеров и ИП,Статьи и разборы налоговых тем,Читать / подписка,Медиа → рубрики → комментарии,Огромный охват; актуальность,Нет прямого продукта документа,News-analysis формат для B02 B07 тем,Медиа-аналог; проверено 2026-09-15
